Model Name,Train Accuracy,Test Accuracy
Naive Bayes,94.94159254099239,96.42017245884504
Decision Tree,99.80709463080055,99.89547948784949
SVM,96.75275961847605,98.01411026914032
KNN,90.39759939984997,95.6101384896786
Random Forest,63.12292358803987,81.99634178207474
